{
  "cats": {
    "precision": 0.9503197245450073,
    "recall": 0.966,
    "f1-score": 0.9580957103892884,
    "support": 2000.0
  },
  "dogs": {
    "precision": 0.9654295882053889,
    "recall": 0.9495,
    "f1-score": 0.9573985379379885,
    "support": 2000.0
  },
  "accuracy": 0.95775,
  "macro avg": {
    "precision": 0.9578746563751981,
    "recall": 0.95775,
    "f1-score": 0.9577471241636384,
    "support": 4000.0
  },
  "weighted avg": {
    "precision": 0.9578746563751981,
    "recall": 0.95775,
    "f1-score": 0.9577471241636384,
    "support": 4000.0
  }
}