{
  "cats": {
    "precision": 0.9409200968523003,
    "recall": 0.9715,
    "f1-score": 0.9559655596555966,
    "support": 2000.0
  },
  "dogs": {
    "precision": 0.9705426356589147,
    "recall": 0.939,
    "f1-score": 0.9545108005082592,
    "support": 2000.0
  },
  "accuracy": 0.95525,
  "macro avg": {
    "precision": 0.9557313662556075,
    "recall": 0.9552499999999999,
    "f1-score": 0.9552381800819278,
    "support": 4000.0
  },
  "weighted avg": {
    "precision": 0.9557313662556075,
    "recall": 0.95525,
    "f1-score": 0.955238180081928,
    "support": 4000.0
  }
}